{
    "accuracy": 0.97,
    "confusion_matrix": [
        [
            29,
            0
        ],
        [
            3,
            68
        ]
    ],
    "classification_report": {
        "0": {
            "precision": 0.90625,
            "recall": 1.0,
            "f1-score": 0.9508196721311475,
            "support": 29.0
        },
        "1": {
            "precision": 1.0,
            "recall": 0.9577464788732394,
            "f1-score": 0.9784172661870504,
            "support": 71.0
        },
        "accuracy": 0.97,
        "macro avg": {
            "precision": 0.953125,
            "recall": 0.9788732394366197,
            "f1-score": 0.9646184691590989,
            "support": 100.0
        },
        "weighted avg": {
            "precision": 0.9728125,
            "recall": 0.97,
            "f1-score": 0.9704139639108385,
            "support": 100.0
        }
    },
    "time_efficiency": {
        "training_time_sec": 0.3399,
        "prediction_time_sec": 0.114302
    }
}